<?xml version="1.0" encoding="UTF-8"?>
<project-private xmlns="http://www.netbeans.org/ns/project-private/1">
    <editor-bookmarks xmlns="http://www.netbeans.org/ns/editor-bookmarks/2" lastBookmarkId="0"/>
    <open-files xmlns="http://www.netbeans.org/ns/projectui-open-files/2">
        <group>
            <file>file:/home/m1miage/casier/CAR_PROJECT_COO/CAR/TPSecondPart/TP_SecondPart_Client/src/Models/MessageDiscussionGroupVirtualProxy.java</file>
            <file>file:/home/m1miage/casier/CAR_PROJECT_COO/CAR/TPSecondPart/TP_SecondPart_Client/src/tp_secondpart_client/InterfaceImplClient.java</file>
            <file>file:/home/m1miage/casier/CAR_PROJECT_COO/CAR/TPSecondPart/TP_SecondPart_Client/src/Models/UserCategoryVirtualProxy.java</file>
            <file>file:/home/m1miage/casier/CAR_PROJECT_COO/CAR/TPSecondPart/TP_SecondPart_Client/src/Frame/Discussion.java</file>
            <file>file:/home/m1miage/casier/CAR_PROJECT_COO/CAR/TPSecondPart/TP_SecondPart_Client/src/Models/UserMessageVirtualProxy.java</file>
            <file>file:/home/m1miage/casier/CAR_PROJECT_COO/CAR/TPSecondPart/TP_SecondPart_Client/src/Models/User.java</file>
            <file>file:/home/m1miage/casier/CAR_PROJECT_COO/CAR/TPSecondPart/TP_SecondPart_Client/src/Frame/AnswerMessage.java</file>
            <file>file:/home/m1miage/casier/CAR_PROJECT_COO/CAR/TPSecondPart/TP_SecondPart_Client/src/Frame/Connection.java</file>
            <file>file:/home/m1miage/casier/CAR_PROJECT_COO/CAR/TPSecondPart/TP_SecondPart_Client/src/Models/DiscussionGroup.java</file>
            <file>file:/home/m1miage/casier/CAR_PROJECT_COO/CAR/TPSecondPart/TP_SecondPart_Client/src/tp_secondpart_client/Client.java</file>
            <file>file:/home/m1miage/casier/CAR_PROJECT_COO/CAR/TPSecondPart/TP_SecondPart_Client/src/Models/UserDiscussionGroupVirtualProxy.java</file>
            <file>file:/home/m1miage/casier/CAR_PROJECT_COO/CAR/TPSecondPart/TP_SecondPart_Client/src/Frame/ChampsSaisie.java</file>
        </group>
    </open-files>
</project-private>
