<?xml version="1.0" encoding="UTF-8"?>
<project-private xmlns="http://www.netbeans.org/ns/project-private/1">
    <editor-bookmarks xmlns="http://www.netbeans.org/ns/editor-bookmarks/2" lastBookmarkId="0"/>
    <open-files xmlns="http://www.netbeans.org/ns/projectui-open-files/2">
        <group>
            <file>file:/home/m1miage/casier/CAR_PROJECT_COO/CAR/TPSecondPart/TP_SecondPart_Interface/src/tp_secondpart_interface/InterfaceServer.java</file>
            <file>file:/home/m1miage/casier/CAR_PROJECT_COO/CAR/TPSecondPart/TP_SecondPart_Interface/src/tp_secondpart_interface/InterfaceClient.java</file>
        </group>
    </open-files>
</project-private>
